MB,RunLen,BaselineGBs,CompressedGBs
1,2,1.01265,0.0444489
4,2,2.00524,0.0163397
16,2,2.79541,0.0052625
64,2,3.03546,0.00120974
128,2,3.05907,0.000528471
1,32,1.76641,1.60478
4,32,2.60924,1.43817
16,32,2.94516,0.886003
64,32,3.03243,0.290062
128,32,3.05605,0.149597
1,128,1.79445,1.89958
4,128,2.62657,2.17891
16,128,2.94611,2.29743
64,128,3.03338,1.84978
128,128,3.05637,1.35384
